{
  "@microsoft/generator-sharepoint": {
    "plusBeta": false,
    "isCreatingSolution": true,
    "nodeVersion": "18.19.1",
    "sdksVersions": {
      "@microsoft/microsoft-graph-client": "3.0.2",
      "@microsoft/teams-js": "2.12.0"
    },
    "version": "1.18.2",
    "libraryName": "surveyspfx",
    "libraryId": "29ce4f68-ce2a-4fa8-b816-b70df4f8f6f7",
    "environment": "spo",
    "packageManager": "npm",
    "solutionName": "surveyspfx",
    "solutionShortDescription": "surveyspfx description",
    "skipFeatureDeployment": true,
    "isDomainIsolated": false,
    "componentType": "webpart"
  }
}
