{
  "$schema": "https://developer.microsoft.com/json-schemas/spfx-build/package-solution.schema.json",
  "solution": {
    "name": "surveyspfx-client-side-solution",
    "id": "29ce4f68-ce2a-4fa8-b816-b70df4f8f6f7",
    "version": "1.0.0.0",
    "includeClientSideAssets": true,
    "skipFeatureDeployment": true,
    "isDomainIsolated": false,
    "developer": {
      "name": "",
      "websiteUrl": "",
      "privacyUrl": "",
      "termsOfUseUrl": "",
      "mpnId": "Undefined-1.18.2"
    },
    "metadata": {
      "shortDescription": {
        "default": "surveyspfx description"
      },
      "longDescription": {
        "default": "surveyspfx description"
      },
      "screenshotPaths": [],
      "videoUrl": "",
      "categories": []
    },
    "features": [
      {
        "title": "surveyspfx Feature",
        "description": "The feature that activates elements of the surveyspfx solution.",
        "id": "02d0fcc5-72b5-44d5-9056-ec365cb8df56",
        "version": "1.0.0.0"
      }
    ]
  },
  "paths": {
    "zippedPackage": "solution/surveyspfx.sppkg"
  }
}
