<?xml version="1.0" encoding="utf-8"?><App xmlns="http://schemas.microsoft.com/sharepoint/2012/app/manifest" Name="surveyspfx-client-side-solution" ProductID="29ce4f68-ce2a-4fa8-b816-b70df4f8f6f7" SharePointMinVersion="16.0.0.0" IsClientSideSolution="true" Version="1.0.0.0" SkipFeatureDeployment="true" IsDomainIsolated="false"><Properties><Title>surveyspfx-client-side-solution</Title><DeveloperProperties>{&quot;name&quot;:&quot;&quot;,&quot;websiteUrl&quot;:&quot;&quot;,&quot;privacyUrl&quot;:&quot;&quot;,&quot;termsOfUseUrl&quot;:&quot;&quot;,&quot;mpnId&quot;:&quot;Undefined-1.18.2&quot;}</DeveloperProperties><ShortDescription><LocalizedString CultureName="default">surveyspfx description</LocalizedString></ShortDescription><LongDescription><LocalizedString CultureName="default">surveyspfx description</LocalizedString></LongDescription><Screenshots></Screenshots></Properties></App>